path	bytes	sha256	licence	category	role	source
CHANGELOG.md	714	37544f579b20d2748dd3bab52daa06c36ea4cac52df9dbc8295a89c5e586e272	CC-BY-4.0	meta	top-level document	papers/release_docs/CHANGELOG.md (marked blocks generated by tools/gen_metadata.py)
CITATION.cff	4199	9690b66311af3eb3a455a554d06f11dc558f4f44fa807460bdbface5558e1388	MIT	notice	top-level document	generated by tools/gen_metadata.py
LICENSE	1069	249c7677ac558271e4d427de0b92288e60981d58dec5923ee90a5739435f8478	MIT	notice	top-level document	papers/release_docs/LICENSE
LICENSE-CC-BY-4.0.txt	1454	099c975c1861ab08cc0643c1fa8f9e6b4fe07e5123bb221c8bbfdb83a46f5163	CC-BY-4.0	notice	top-level document	papers/release_docs/LICENSE-CC-BY-4.0.txt
README.md	5150	0499f88dbe6d01a8937870f07caf782d2f4fb353edcff324abb04c344c8d7d62	CC-BY-4.0	meta	top-level document	papers/release_docs/README.md (marked blocks generated by tools/gen_metadata.py)
REPRODUCE.md	3560	1389596bcffaf4257904235be86e74da0dc648a39b41d11008d00b02f17b4e23	CC-BY-4.0	meta	top-level document	papers/release_docs/REPRODUCE.md
THIRD_PARTY_NOTICES.md	2694	5f93a0b094146867504c1c0e427784b8c49c26b5e4a1766c73bf77365c914ba0	CC-BY-4.0	notice	top-level document	papers/release_docs/THIRD_PARTY_NOTICES.md
TRUST.md	5208	64728cb26dfe7a99380cf6b6587c5ad34cb6368781582821dc362e343b25bf22	CC-BY-4.0	meta	top-level document	papers/release_docs/TRUST.md
blueprint/BUILD_RECORD.json	1289	064322c4c614fbac1073a19aa372e739be3d7e6bad96a9ea8b78eae4f986c25e	MIT	required	blueprint (generator, gate, generated text, graphs, PDF)	papers/blueprint/BUILD_RECORD.json
blueprint/blueprint_residue_apn.pdf	410830	2259e95eed5e880d15bc7beae774bf484f4834680b4ad9e5e08e60733c6c19b2	CC-BY-4.0	required	blueprint (generator, gate, generated text, graphs, PDF)	papers/blueprint/blueprint_residue_apn.pdf
blueprint/build_blueprint.sh	1607	cb37f2dbef0f7029d8dee3254f4beb641c9559aaafdc92622b555762f6002c9a	MIT	required	blueprint (generator, gate, generated text, graphs, PDF)	papers/blueprint/build_blueprint.sh
blueprint/build_record_spec.py	2479	5b2bd4af95542562b84702e1a2d793397ed5a3b5b495ba4955e6e62b9aaa3e53	MIT	required	blueprint (generator, gate, generated text, graphs, PDF)	papers/blueprint/build_record_spec.py
blueprint/check_blueprint.py	4191	b0790cca2c3884bbf801f458f8cf7407a73f5f6fb7ec9937e2309ebdd2a4ed1e	MIT	required	blueprint (generator, gate, generated text, graphs, PDF)	papers/blueprint/check_blueprint.py
blueprint/dep_graph.dot	1270	21de9ad74c91cc146f7637bd63b0635cf5142d377d7c474acbf82a1c4dc3b953	MIT	required	blueprint (generator, gate, generated text, graphs, PDF)	papers/blueprint/dep_graph.dot
blueprint/gen_blueprint.py	13376	23d9006d65b8855f89896f6a188beea32c90cb7aec7a87084e91e6c2e2308a3d	MIT	required	blueprint (generator, gate, generated text, graphs, PDF)	papers/blueprint/gen_blueprint.py
blueprint/lean_imports.dot	1643	9a436644ce6bb36b076290c13a039785259aeca1ccc6885d33c68178deaecba6	MIT	required	blueprint (generator, gate, generated text, graphs, PDF)	papers/blueprint/lean_imports.dot
blueprint/nodes.json	8451	31db2ee0404ed0c7b67865f42ee9d696ce36f9a1ccda67ea8ee0e9619f9a3336	MIT	required	blueprint (generator, gate, generated text, graphs, PDF)	papers/blueprint/nodes.json
blueprint/src/bib.tex	1946	e47761fb51402b40d0b486bfcf941301dc654c605c461bc579a3bf01db92d33f	CC-BY-4.0	required	blueprint (generator, gate, generated text, graphs, PDF)	papers/blueprint/src/bib.tex
blueprint/src/content.tex	30690	0c6eed57d3cf00a5ae4d80ad9faae6e6d5ba431540f3a0fd7800728f2830cad9	CC-BY-4.0	required	blueprint (generator, gate, generated text, graphs, PDF)	papers/blueprint/src/content.tex
blueprint/src/dep_graph.pdf	29769	c15b08e9da9ca8da0a52e33ddfb65566682f23977cce66899454d1cd07648e45	CC-BY-4.0	required	blueprint (generator, gate, generated text, graphs, PDF)	papers/blueprint/src/dep_graph.pdf
blueprint/src/lean_imports.pdf	48878	a95e768e8b112c25cb30b768f44dc22a21bd5f8c1f1f2505615ab5ca9720924b	CC-BY-4.0	required	blueprint (generator, gate, generated text, graphs, PDF)	papers/blueprint/src/lean_imports.pdf
blueprint/src/paperlabels.aux	1042	08e38bb34d4f63c4ddd6b6f37f21c7b8e8658aca742e56885a2cbcd2163c2831	MIT	required	blueprint (generator, gate, generated text, graphs, PDF)	papers/blueprint/src/paperlabels.aux
blueprint/src/print.log	23066	e80a9a0aa30293c1f02dd15391a22392f3a8fbd353ce19d62fd3ac65f10ca1f2	MIT	record	blueprint (generator, gate, generated text, graphs, PDF)	papers/blueprint/src/print.log
blueprint/src/print.pdf	410830	2259e95eed5e880d15bc7beae774bf484f4834680b4ad9e5e08e60733c6c19b2	CC-BY-4.0	required	blueprint (generator, gate, generated text, graphs, PDF)	papers/blueprint/src/print.pdf
blueprint/src/print.tex	3239	fb9aa47bb891d7e941a1a8dd6c71a2ba90f1b8dbfe377b6cc33f88080fb0ebff	CC-BY-4.0	required	blueprint (generator, gate, generated text, graphs, PDF)	papers/blueprint/src/print.tex
blueprint/tests/test_check_blueprint.py	7123	f127020572d4ad2e7e0d7c3abecf9787dda50e63225f8f97798ed990a728d4ee	MIT	required	tests of the blueprint gate	papers/blueprint/tests/test_check_blueprint.py
checks/CLAIM_STATUS.tsv	4110	80e994f2bd1c538cb6bedaf365c7f890a9c51fbd38e64456f7549bad21d1168a	MIT	required	finite checks	paper_R5/CLAIM_STATUS.tsv
checks/LABELS.md	616	07801f10b8b7a2d693f155b36169f12b868da9b4acbac103051196b3ea5ddab1	CC-BY-4.0	required	finite checks	generated
checks/MANIFEST_SRC.sha256	576	e5eb9d89b7fb2ca4473b68fa26a0a75a24b3df7fe1955e2566d8dec53c5065ef	MIT	required	finite checks	paper_R5/MANIFEST_SRC.sha256
checks/REPRODUCE_CHECKS.md	2785	58f768290ef8762d443df85a8e9f45ec4f34d8e36acd0a425ef518c4a60ffbab	CC-BY-4.0	required	finite checks	papers/release_docs/checks/REPRODUCE_CHECKS.md
checks/compare_expected.py	1063	4487e7eba7fe73cdf6c89eeecc4280e573473eb1c89ee59aa8d1a8afe8f773d6	MIT	required	finite checks	papers/release_docs/checks/compare_expected.py
checks/expected/SOURCE_RUN	104	f26f6f990fc30a258ea79b274647917185e93387ea6f362082010ee3257390a0	MIT	required	expected output of the finite checks	generated
checks/expected/STATUS	127	dc6eeab80ea817108e09ee508170a1f6c475ec6b6e870047b7773dfe97734c3b	MIT	required	expected output of the finite checks	paper_R5/repro_runs/20261007_205018/STATUS
checks/expected/claims_result.json	1174	1e3cc7a569190c34ee81f577e37db68026f2a28c04fa0894ebc63960c17aaa4e	MIT	required	expected output of the finite checks	paper_R5/repro_runs/20261007_205018/claims_result.json
checks/expected/controls_R6.json	913	d33c8af294e04dd4030f09e061b0bd34c72efdb70a4d3a852c98bad27d681ba8	MIT	required	expected output of the finite checks	paper_R5/repro_runs/20261007_205018/controls_R6.json
checks/expected/main_C1.json	169	1066f865b9472515f3b8fad8051386b88f7dd719be422e0781975a983294e091	MIT	required	expected output of the finite checks	paper_R5/repro_runs/20261007_205018/main_C1.json
checks/expected/main_C2.json	698	7af1a26592d342390dab8ca54358cf80faf329f329901baa223e11b62a2edbd0	MIT	required	expected output of the finite checks	paper_R5/repro_runs/20261007_205018/main_C2.json
checks/expected/main_C3.json	225	a8d83335a9b48b297b1757277fb8743f4c351265d08e9774b4b9037cacee6cbb	MIT	required	expected output of the finite checks	paper_R5/repro_runs/20261007_205018/main_C3.json
checks/expected/r3_S1.json	534	1765ecf11e908152bcd7e4b8ef8c1027033b529e66f0e712ec61dd8eccbe4278	MIT	required	expected output of the finite checks	paper_R5/repro_runs/20261007_205018/r3_S1.json
checks/expected/r3_S2.json	1269	a7c4bc90975cca0764dd5ff3b0f846e726cf325be4fc9c6624662d25f28a17f6	MIT	required	expected output of the finite checks	paper_R5/repro_runs/20261007_205018/r3_S2.json
checks/expected/r3_S3.json	2303	b84c41709545073fa0eef481bb9925bcb31fb9c3b4366e2bd456c19f314445e1	MIT	required	expected output of the finite checks	paper_R5/repro_runs/20261007_205018/r3_S3.json
checks/run_quick.sh	1675	d4a67d749adac5cf774a65e198b7cb72141b045c29a19b684d151ccfeeb0fd47	MIT	required	finite checks	paper_R5/run_quick.sh
checks/src/check_claims_main.py	3092	aa6c0a55ff4a98613b49930ccaf7e4ad104e341194921daf382aa3c57896a25b	MIT	required	finite checks	paper_R5/src/check_claims_main.py
checks/src/controls_R6.py	6673	f1f4e444b38dd89256ee3368aca41f26984d2c1687a78e0bdd33a1041d57193f	MIT	required	finite checks	paper_R5/src/controls_R6.py
checks/src/gf.py	1266	c359b2247bf6dfe3b51868011ad4d5cc73202ac9c03993cb9028de7e4f512a78	MIT	required	finite checks	paper_R5/src/gf.py
checks/src/main_checks.py	10415	0282266b8019cc04005c40813c86f5ea7037598d732677c34f4df90bef6bcf92	MIT	required	finite checks	paper_R5/src/main_checks.py
checks/src/r3_checks.py	22706	e1f0979375424924cf459bc10387db95bf18f675ebf0d28e5f2d0e309a62785b	MIT	required	finite checks	paper_R5/src/r3_checks.py
checks/src/ring.py	1594	5993d711ad4dab3ce1560dcd8f70607854d0761d853c8f60d9fcda8f07d12f7c	MIT	required	finite checks	paper_R5/src/ring.py
checks/src/thmA.py	2659	2f4cbbf89369c33e1a9f6d3fb9fd6831229e2fa15a0c0df35dc3c54fb472b1bd	MIT	required	finite checks	paper_R5/src/thmA.py
formalization/GR_BRIDGE.md	3137	765ad5e174cc44e79605f76b852ce59dba6513e4cb5c33486325557bf9f65eb8	CC-BY-4.0	required	statement map, meaning map, Galois-ring bridge	papers/formalization/GR_BRIDGE.md
formalization/MEANING_MAP.md	4211	8b3bda2da61644d44a0dc0e175c40906441ddacb723f7f2eeaf7e99a9738ff54	CC-BY-4.0	required	statement map, meaning map, Galois-ring bridge	papers/formalization/MEANING_MAP.md
formalization/STATEMENT_MAP.md	4763	122d0a9958703b85d25647c4808271d0345bb5b1e1ea97dcbcf31ea5d9cb5d8c	CC-BY-4.0	required	statement map, meaning map, Galois-ring bridge	papers/formalization/STATEMENT_MAP.md
formalization/STATUS.md	2455	147a2f1fcf9c521fd898c32d89d056c569b8c8ace4107acfcba3ad4d50c12750	CC-BY-4.0	record	statement map, meaning map, Galois-ring bridge	papers/formalization/STATUS.md
formalization/leanmap.json	5119	f5410069d4a1f4958b5007fff65bc6c407225c01f0fe53ecbb534cc7f73f88bb	MIT	required	statement map, meaning map, Galois-ring bridge	papers/formalization/leanmap.json
lean/FINAL_DECLARATIONS.txt	1068	873e1b92b5f56b24e0af67fa55f0e486eaf1919bcba0200e42395f203c75173d	MIT	required	Lean release runner and pins	papers/lean/FINAL_DECLARATIONS.txt
lean/PINS.json	1290	69e43186437312f5b4653056c04963537dc6dc2243fd088c4b8761334791ec7c	MIT	required	Lean release runner and pins	papers/lean/PINS.json
lean/README.md	2153	9c1dca284bfc287fcb34b93c643f130aea20b66e3c494114d3f8734cd01dfaf0	CC-BY-4.0	required	Lean release runner and pins	papers/release_docs/lean/README.md
lean/records/development/SOURCE_HASHES_stage2.txt	1372	c799b0a5ff2463fb8630e0d87610e54081f0a980222bda3fdf21bd6fbc9fdcf1	MIT	record	recorded Lean runs (as recorded)	papers/lean/residue_apn/logs_copy/SOURCE_HASHES_stage2.txt
lean/records/development/audit_s3_AuditStage1.log	103706	c6288b5a51358d78b7fe1acaae047e596d6b59a075d7c33c47f948e2157ce812	MIT	record	recorded Lean runs (as recorded)	papers/lean/residue_apn/logs_copy/audit_s3_AuditStage1.log
lean/records/development/audit_s3_AuditStage2.log	26455	04a7ffe55bd6d2428cfa86853f7d9f2bf277997f19e7de9d02c661399139844d	MIT	record	recorded Lean runs (as recorded)	papers/lean/residue_apn/logs_copy/audit_s3_AuditStage2.log
lean/records/development/audit_s3_AuditStage3.log	22788	99dcfe45766188f773c44693fa3bfec712e686df2134099bfffe3b940b6dd759	MIT	record	recorded Lean runs (as recorded)	papers/lean/residue_apn/logs_copy/audit_s3_AuditStage3.log
lean/records/development/audit_stage1.log	103706	c6288b5a51358d78b7fe1acaae047e596d6b59a075d7c33c47f948e2157ce812	MIT	record	recorded Lean runs (as recorded)	papers/lean/residue_apn/logs_copy/audit_stage1.log
lean/records/development/audit_stage1_rerun.log	103706	c6288b5a51358d78b7fe1acaae047e596d6b59a075d7c33c47f948e2157ce812	MIT	record	recorded Lean runs (as recorded)	papers/lean/residue_apn/logs_copy/audit_stage1_rerun.log
lean/records/development/audit_stage2.log	26455	70220bc1dab1352bf55315a4bf197f37d1ad6bd7b44d6c88102b500feb0f7a00	MIT	record	recorded Lean runs (as recorded)	papers/lean/residue_apn/logs_copy/audit_stage2.log
lean/records/development/b19.log	11361	382faea866b07bd37d00591865ccf63a89eae5d2b425b687442183615fc0ca0a	MIT	record	recorded Lean runs (as recorded)	papers/lean/residue_apn/logs_copy/b19.log
lean/records/development/b20.log	14704	f9556a202ad4168b1e449d8c0c4dd7555af92e6e170d47a83dfa35b014fcecb9	MIT	record	recorded Lean runs (as recorded)	papers/lean/residue_apn/logs_copy/b20.log
lean/records/development/l4c_stage2_ResidueAPN.All.log	74	39faa0f148e0966564e451d84ff471f40bb2a316c3dbe2487cfe9e0f79c0766d	MIT	record	recorded Lean runs (as recorded)	papers/lean/residue_apn/logs_copy/l4c_stage2_ResidueAPN.All.log
lean/records/development/l4c_stage2_results.tsv	39	133c8162191338cf982a16263a6112075574d31e2a79577181456b8f1a9de98e	MIT	record	recorded Lean runs (as recorded)	papers/lean/residue_apn/logs_copy/l4c_stage2_results.tsv
lean/records/development/runners/build.sh	244	a9a92787c793194466192b35bc2a13cf2b30ee9e29dc54a2f8b60039dd3ae875	MIT	record	recorded Lean runs (as recorded)	papers/lean/residue_apn/build.sh
lean/records/development/runners/l4c_stage.sh	703	0d90b90f42e2c576f3db27b74ecb75f8d65177508dc6c8704b84eca45796c9a8	MIT	record	recorded Lean runs (as recorded)	papers/lean/residue_apn/l4c_stage.sh
lean/records/development/runners/l4c_top.sh	783	4565c6de2a946b4ce4e7b8f3874658d99a5c2c37492e6df477828b74c59e59bc	MIT	record	recorded Lean runs (as recorded)	papers/lean/residue_apn/l4c_top.sh
lean/records/development/runners/lake-manifest.json	3021	2595cf4216250ebc5fdeb35a1c7305cf2621fc38e746be67edaa1d02021b8a2b	MIT	record	recorded Lean runs (as recorded)	papers/lean/residue_apn/lake-manifest.json
lean/records/development/runners/lakefile.toml	520	9e3462b4813a4991f55ff46c49aa97b6ff8bf43d7205b8425a66e1459bf43a10	MIT	record	recorded Lean runs (as recorded)	papers/lean/residue_apn/lakefile.toml
lean/records/portable_R11_stage2/driver.log	181	e176b2f4ff9e0845efc9caf26f3426918522745a839053fc931d86b9786e6c72	MIT	record	recorded Lean runs (as recorded)	studio portable run portable_R11_stage2 (copied)
lean/records/portable_R11_stage2/run1/PASS.json	720	dc574f40247983299a808a6e40d0ceda530f1be9a05d2f6065e7fd04a9a60a33	MIT	record	recorded Lean runs (as recorded)	studio portable run portable_R11_stage2 (copied)
lean/records/portable_R11_stage2/run1/audit_AuditAxiomsAll.log	2664	19838c1886852e8e5d0f22b7a422f3511fc4f634582bb3dc5020db3d62fe8f94	MIT	record	recorded Lean runs (as recorded)	studio portable run portable_R11_stage2 (copied)
lean/records/portable_R11_stage2/run1/audit_AuditStage1.log	103808	ee039eb22ce5ef1cb1b219f09c9944e294c61b313b6266f5a96cd7219cabbb2c	MIT	record	recorded Lean runs (as recorded)	studio portable run portable_R11_stage2 (copied)
lean/records/portable_R11_stage2/run1/audit_AuditStage2.log	26557	81536c0c1a7f7ec0a7350d36e65fc6a91961277e7d9847b536f103e388e80d4f	MIT	record	recorded Lean runs (as recorded)	studio portable run portable_R11_stage2 (copied)
lean/records/portable_R11_stage2/run1/audit_all.log	133029	98e242cf217cbf0d73b11eab7996430506fb6e1974d414296bbf7df78d8407ea	MIT	record	recorded Lean runs (as recorded)	studio portable run portable_R11_stage2 (copied)
lean/records/portable_R11_stage2/run1/build.log	11662	905ea4dfd638729090c15de3916be97234b0f2191c0ea38de78ff9301f0526f2	MIT	record	recorded Lean runs (as recorded)	studio portable run portable_R11_stage2 (copied)
lean/records/portable_R11_stage2/run1/checker_fresh.log	229	63568d55c5717e6251b3fdcab71f998544f25f5f7c82cf6e3eb29b6f7d9f0f9e	MIT	record	recorded Lean runs (as recorded)	studio portable run portable_R11_stage2 (copied)
lean/records/portable_R11_stage2/run1/config_sha256.txt	909	009ddbd67cebc602c04ca2fe9033816bae9f5c264a4e20e98a35c59a26438d65	MIT	record	recorded Lean runs (as recorded)	studio portable run portable_R11_stage2 (copied)
lean/records/portable_R11_stage2/run1/fetch.log	2770	4aa1017095a40b50ec769372754ba0fba71ba990131d7e945f484104f15a1fca	MIT	record	recorded Lean runs (as recorded)	studio portable run portable_R11_stage2 (copied)
lean/records/portable_R11_stage2/run1/source_sha256_after.txt	1372	c799b0a5ff2463fb8630e0d87610e54081f0a980222bda3fdf21bd6fbc9fdcf1	MIT	record	recorded Lean runs (as recorded)	studio portable run portable_R11_stage2 (copied)
lean/records/portable_R11_stage2/run1/source_sha256_before.txt	1372	c799b0a5ff2463fb8630e0d87610e54081f0a980222bda3fdf21bd6fbc9fdcf1	MIT	record	recorded Lean runs (as recorded)	studio portable run portable_R11_stage2 (copied)
lean/records/portable_R11_stage2/run1/stages.tsv	141	90ccfb40a3711435921f5905a5f68635adc1c4b3908b8597dc55ddc9c619a057	MIT	record	recorded Lean runs (as recorded)	studio portable run portable_R11_stage2 (copied)
lean/records/portable_R11_stage2/run1/toolchain.txt	351	d566177e65f648eb017bd4b87b3406bba3db53cbeb3bfe287fe7343ec2efa1b2	MIT	record	recorded Lean runs (as recorded)	studio portable run portable_R11_stage2 (copied)
lean/records/portable_R12_stage3/driver.log	181	7f104c16ab23c8013f3493d561136249ebfdef9afd318fda1cb3928e8ea8ce3f	MIT	record	recorded Lean runs (as recorded)	studio portable run portable_R12_stage3 (copied)
lean/records/portable_R12_stage3/run1/PASS.json	740	b9693bcd0448ff36e5dbb78fb2e276bcbf5f3ae83bac65dcd5a1bdaf12b8b5fc	MIT	record	recorded Lean runs (as recorded)	studio portable run portable_R12_stage3 (copied)
lean/records/portable_R12_stage3/run1/audit_AuditAxiomsAll.log	3015	a512e2bd0408e4bbf639fc0af79feddacf9ee75f741c44359ad6d314b5294793	MIT	record	recorded Lean runs (as recorded)	studio portable run portable_R12_stage3 (copied)
lean/records/portable_R12_stage3/run1/audit_AuditStage1.log	103808	72362af26250fd99eadd7e98c3a58d4094ade6bcd191dcd082143a0abfbb2374	MIT	record	recorded Lean runs (as recorded)	studio portable run portable_R12_stage3 (copied)
lean/records/portable_R12_stage3/run1/audit_AuditStage2.log	26557	9c06c00fbd3d165669233e8ba538a63cf91966f3feb53ccaeacd48253c983ee2	MIT	record	recorded Lean runs (as recorded)	studio portable run portable_R12_stage3 (copied)
lean/records/portable_R12_stage3/run1/audit_AuditStage3.log	22890	fcf646f9365a8d553cf6515b3b80df8cbffd438b7ffb88323cb862b8223e7ddc	MIT	record	recorded Lean runs (as recorded)	studio portable run portable_R12_stage3 (copied)
lean/records/portable_R12_stage3/run1/audit_all.log	156270	3965fa58e7bf298682dfc55fbaa325bdf09e3835548d33e4eb258ee775ed9612	MIT	record	recorded Lean runs (as recorded)	studio portable run portable_R12_stage3 (copied)
lean/records/portable_R12_stage3/run1/build.log	15010	15f0fe252227e6fbf069dde41ace6de5368ec23646abcfb2370cf450a27de1e1	MIT	record	recorded Lean runs (as recorded)	studio portable run portable_R12_stage3 (copied)
lean/records/portable_R12_stage3/run1/checker_fresh.log	229	358497742156db6d05340c78923b7ae75f15d02ad70878f7ae2080108eb90a06	MIT	record	recorded Lean runs (as recorded)	studio portable run portable_R12_stage3 (copied)
lean/records/portable_R12_stage3/run1/config_sha256.txt	998	59fcc576aad860ed9fbd9a1ec8ed82395bd5fb7178db3b01887c550d60040907	MIT	record	recorded Lean runs (as recorded)	studio portable run portable_R12_stage3 (copied)
lean/records/portable_R12_stage3/run1/fetch.log	2769	d964319ddac7bb5eb34c628f6a22e08d65d29933f01ea00e9b11067d355e8c1f	MIT	record	recorded Lean runs (as recorded)	studio portable run portable_R12_stage3 (copied)
lean/records/portable_R12_stage3/run1/source_sha256_after.txt	1461	d29b863610233fbef3e996895f27eda0300175674b747e746893505959ba86a4	MIT	record	recorded Lean runs (as recorded)	studio portable run portable_R12_stage3 (copied)
lean/records/portable_R12_stage3/run1/source_sha256_before.txt	1461	d29b863610233fbef3e996895f27eda0300175674b747e746893505959ba86a4	MIT	record	recorded Lean runs (as recorded)	studio portable run portable_R12_stage3 (copied)
lean/records/portable_R12_stage3/run1/stages.tsv	161	9be15c799ecb4a4443655c3c8990325285fb1d512c66b786d64161758dc58481	MIT	record	recorded Lean runs (as recorded)	studio portable run portable_R12_stage3 (copied)
lean/records/portable_R12_stage3/run1/toolchain.txt	351	d566177e65f648eb017bd4b87b3406bba3db53cbeb3bfe287fe7343ec2efa1b2	MIT	record	recorded Lean runs (as recorded)	studio portable run portable_R12_stage3 (copied)
lean/residue_apn_portable/ResidueAPN.lean	419	61e02c12f2139b04e9c2aa65f543703dfbe11703c1441db0addc2363efb5494f	MIT	required	Lean project (math sources and pinned configuration)	papers/lean/residue_apn_portable/ResidueAPN.lean
lean/residue_apn_portable/ResidueAPN/All.lean	281	6b3c0646bcf70ce10890f058ca503b90b080114287daccd0efe6639576d6260d	MIT	required	Lean project (math sources and pinned configuration)	papers/lean/residue_apn_portable/ResidueAPN/All.lean
lean/residue_apn_portable/ResidueAPN/Basic.lean	4804	27be0383bc114eefa60e59e160a80c1a8710e9551c7b3783429e676769fcd37c	MIT	required	Lean project (math sources and pinned configuration)	papers/lean/residue_apn_portable/ResidueAPN/Basic.lean
lean/residue_apn_portable/ResidueAPN/Family.lean	5349	7652c4fc2fe10ec373016c3213f9e077737565ddf037cc89e69f029308e5e485	MIT	required	Lean project (math sources and pinned configuration)	papers/lean/residue_apn_portable/ResidueAPN/Family.lean
lean/residue_apn_portable/ResidueAPN/LemmaO.lean	19618	77f5a226433519cd78181d1d2b41875ed64c80cbe260227ee75e4bbda3c8d9fb	MIT	required	Lean project (math sources and pinned configuration)	papers/lean/residue_apn_portable/ResidueAPN/LemmaO.lean
lean/residue_apn_portable/ResidueAPN/PropW.lean	2834	4d26fc08176f4f685f4e5af61176aecc80e99cc8ec2bdf879d605bf3e288697e	MIT	required	Lean project (math sources and pinned configuration)	papers/lean/residue_apn_portable/ResidueAPN/PropW.lean
lean/residue_apn_portable/ResidueAPN/Ring.lean	10131	4e53b8314e71960b48838b1ed9fade59dc81ecb3b60054a8ca95ae0da42708dd	MIT	required	Lean project (math sources and pinned configuration)	papers/lean/residue_apn_portable/ResidueAPN/Ring.lean
lean/residue_apn_portable/ResidueAPN/Shared/Definitions.lean	1404	1315ab4d7c910218231be940ebfc9a2b70fb5b4d22d45aebadea1672dc3dbfe1	MIT	required	Lean project (math sources and pinned configuration)	papers/lean/residue_apn_portable/ResidueAPN/Shared/Definitions.lean
lean/residue_apn_portable/ResidueAPN/Shared/QuadraticAPN.lean	7548	c985d4f994178bfe177bf5c23fdc12773d323d1799555593f9e0c0db2b7d5b7f	MIT	required	Lean project (math sources and pinned configuration)	papers/lean/residue_apn_portable/ResidueAPN/Shared/QuadraticAPN.lean
lean/residue_apn_portable/ResidueAPN/Shared/ReducedRepresentative.lean	3880	01ac85f808905a6ff0e9492a27f5fb2be4270dc307ae02c16d40f60dd93a8fa4	MIT	required	Lean project (math sources and pinned configuration)	papers/lean/residue_apn_portable/ResidueAPN/Shared/ReducedRepresentative.lean
lean/residue_apn_portable/ResidueAPN/Support.lean	11502	1be3a3b0598648ed15253a22c1face752cf3eb4cb48c697b33cd5563366218df	MIT	required	Lean project (math sources and pinned configuration)	papers/lean/residue_apn_portable/ResidueAPN/Support.lean
lean/residue_apn_portable/ResidueAPN/TheoremA.lean	3436	f309af66060f9363f3945b1cdd7ce3d7e87e8cbae996788f965a17cad801eccd	MIT	required	Lean project (math sources and pinned configuration)	papers/lean/residue_apn_portable/ResidueAPN/TheoremA.lean
lean/residue_apn_portable/ResidueAPN/TheoremR.lean	3631	2b678a1d54fc552eab950b9f338c02a433f70a5dffa6655c9c16ba3df5062224	MIT	required	Lean project (math sources and pinned configuration)	papers/lean/residue_apn_portable/ResidueAPN/TheoremR.lean
lean/residue_apn_portable/ResidueAPN/ThmA.lean	16616	7ef678cc27869dd76df6c633395e425734c44c4fbb62abef833b0a499f221297	MIT	required	Lean project (math sources and pinned configuration)	papers/lean/residue_apn_portable/ResidueAPN/ThmA.lean
lean/residue_apn_portable/ResidueAPN/ThmAImage.lean	5368	100912bd093a6b70a286d9996ae8afbd3221d670673997469573f5552a508545	MIT	required	Lean project (math sources and pinned configuration)	papers/lean/residue_apn_portable/ResidueAPN/ThmAImage.lean
lean/residue_apn_portable/ResidueAPN/ThmB.lean	10640	2314ab49bc3c0f3bc82be2a05b5083e3feac5eb065a5f2c4fb8af0f61210169c	MIT	required	Lean project (math sources and pinned configuration)	papers/lean/residue_apn_portable/ResidueAPN/ThmB.lean
lean/residue_apn_portable/audit/AuditAxiomsAll.lean	1899	15f05a6737f56add29288c24aab2400f9ec4617781019ce1c18ab922fb0d4cb5	MIT	required	Lean audit files	papers/lean/residue_apn_portable/audit/AuditAxiomsAll.lean
lean/residue_apn_portable/audit/AuditStage1.lean	3334	c533c79cc574ef99cc602edf7af6aa512a556e868c254ccd175e7c26d4c59344	MIT	required	Lean audit files	papers/lean/residue_apn_portable/audit/AuditStage1.lean
lean/residue_apn_portable/audit/AuditStage2.lean	2861	b1f685399735f096fbb1a35f0f3f732ca348bbb338d61cb9363226883a6d6a5d	MIT	required	Lean audit files	papers/lean/residue_apn_portable/audit/AuditStage2.lean
lean/residue_apn_portable/audit/AuditStage3.lean	1086	26ea4948e27cd1d6962de9e61f12816042c58c0c2d70195d31cbd0bfb229eecf	MIT	required	Lean audit files	papers/lean/residue_apn_portable/audit/AuditStage3.lean
lean/residue_apn_portable/lake-manifest.json	3183	91ee203fd3acd45d581399599672473ce3a7e491eb87ca84830f7bef20195b77	MIT	required	Lean project (math sources and pinned configuration)	papers/lean/residue_apn_portable/lake-manifest.json
lean/residue_apn_portable/lakefile.toml	867	18a82677c3d7f74ea2f7d0e334abcd726c129716517febd5f19c337209166377	MIT	required	Lean project (math sources and pinned configuration)	papers/lean/residue_apn_portable/lakefile.toml
lean/residue_apn_portable/lean-toolchain	29	33cbab0d3ba76bdf58d9f3638748f12cb9e3befb1336b223ddbd3567589a09e8	MIT	required	Lean project (math sources and pinned configuration)	papers/lean/residue_apn_portable/lean-toolchain
lean/run_release.sh	10499	23af91caa3c423e5f492642e209d3788f2b747c9195b1cee76d4f37c89d3cfd3	MIT	required	Lean release runner and pins	papers/lean/run_release.sh
lean/tests/test_run_release.py	8135	c02ee46d356ce9817cb5cce3de954e3d3c54a8d22468e5b3c525e220f467e883	MIT	required	tests of the Lean release runner	papers/lean/tests/test_run_release.py
paper/elsarticle/make_elsarticle.py	2277	6cd7891fd2b22e85aa3260df1283ae04d1362b90afb239e462fd9529d650a80c	MIT	required	paper, elsarticle version generated from the amsart source	paper_R5_elsarticle/make_elsarticle.py
paper/elsarticle/manuscript_els.pdf	391837	50f1d705a59824dcf7536c28b291284ac1a299fb2fd302092572c7dec9b178be	CC-BY-4.0	required	paper, elsarticle version generated from the amsart source	paper_R5_elsarticle/manuscript_els.pdf
paper/elsarticle/manuscript_els.tex	36386	010f454db28b198671875515c4e1e9518c581193f0c67ea800f8ddf5e3b9ffe1	CC-BY-4.0	required	paper, elsarticle version generated from the amsart source	paper_R5_elsarticle/manuscript_els.tex
paper/manuscript.aux	3758	1226eba83b15afec3b4a8536a4d49035fc068dbad0fa70f25ef748247d08e24a	MIT	required	paper (canonical amsart source and PDF)	paper_R5/manuscript.aux
paper/manuscript.pdf	368749	28c1ebb2a1f5d21691ecb655be52c37fcb71996b26355b8e0aef2818c76bbe45	CC-BY-4.0	required	paper (canonical amsart source and PDF)	paper_R5/manuscript.pdf
paper/manuscript.tex	36212	05d0105768a5d6780be31c1b720262db5a67afca2496346330c44ac9b6b512f9	CC-BY-4.0	required	paper (canonical amsart source and PDF)	paper_R5/manuscript.tex
release/CURRENT_STATE.json	1291	565c8bef07527714432fea38363f4d3bc0a89e4a4eab2a96cd3770db03882a65	MIT	meta	release metadata, checks and procedures	generated
release/PUBLICATION_RUNBOOK.md	11352	6043ba80acc0a659730aaac99ea8488ad9b199b65a5193cb35fa9a9e0d5e2fd1	CC-BY-4.0	meta	release metadata, checks and procedures	papers/release_docs/release/PUBLICATION_RUNBOOK.md
release/VERSION_MAP.md	1991	2afd12e1da84cc97534c42bc53b2a8849f7e7a7906e7b22a9bc760c194e15df8	CC-BY-4.0	meta	release metadata, checks and procedures	papers/release_docs/release/VERSION_MAP.md
release/metadata/zenodo_paper.json	3646	abd15dd77edd7601d6468de1112823b74711d291db115dbf0691f15547ef4b4f	MIT	meta	release metadata, checks and procedures	generated by tools/gen_metadata.py
release/metadata/zenodo_software.json	5686	2408d082781cbb5c6cc1f9b9fb9ea6ce69f4a316a16b963d83a074ac2dcdfb9f	MIT	meta	release metadata, checks and procedures	generated by tools/gen_metadata.py
release/metadata_source.json	5037	76df544e17f678c639005f216cc36f2151cc2147fc98ea2d6b5f279afeb4897a	MIT	meta	release metadata, checks and procedures	papers/release_docs/release/metadata_source.json
release/tests/test_verify_published.py	2636	784147e1151308bc63d871c8f2330217a2af3b4953c48832bbb40eb41b70bac0	MIT	meta	release metadata, checks and procedures	papers/release_docs/release/tests/test_verify_published.py
release/verify_published.py	4283	5c73dae043afb6ba29105a3a0058bfac4c229c4442fd79f35da4e4638d47e7a9	MIT	meta	release metadata, checks and procedures	papers/release_docs/release/verify_published.py
tools/gen_lean_release_meta.py	2407	dcb8f280ea2748e15b77c471b56d8ebf1caa116e61584e0a5c2fa16570daebce	MIT	required	generators of maps and metadata	papers/tools/gen_lean_release_meta.py
tools/gen_metadata.py	37789	86531845a9db1f2d0c8376349684adf03b2e20644e882108ccbca6c5f4239b4a	MIT	required	generators of maps and metadata	papers/tools/gen_metadata.py
tools/gen_statement_map.py	2902	6d37801bce4513210b3c2831b18af95357212e5220a49d9f130537ecb93df269	MIT	required	generators of maps and metadata	papers/tools/gen_statement_map.py
tools/tests/test_gen_metadata.py	32627	7e9ebb6d255c6012fe1b21a5ddba3daa2ca6d0d37bc34c705f980c69eb1a281d	MIT	required	tests of the metadata generator	papers/tools/tests/test_gen_metadata.py
