id	label	number (R5)	statement	status	proof	check (run_quick.sh step)	notes	Lean (R9f)
L-O	lem:O	Lemma 2.2	F_2-quadratic p derivative-optimal iff eps=1 and gcd(kappa,t^m-1)=t+1	proved	in text	(used in thmA field checks)		not formalized (needs a normal basis; not used by the formal Thm 3.1)
T-A	thm:A	Theorem 3.1	P_{m,r} (uniform parameter-dependent family; one polynomial per admissible (m,r)): F_2 coefficients, 3r-2 terms, deg 3q/4, APN permutation, P'=D derivative-optimal, P+1=DE, E'=1	proved	in text	thmA, S2, C3, C4 (fixed P_{5,3} is not a permutation of F_128)	P_{5,3} = Stone's m=5 example (S1)	F: ResidueAPN.theorem_3_1 (items 1-4)
L-LW	lem:LW	Lemma 3.2	1<=k<m, gcd(k,m)=1: X^(2^k+1)+M permutes iff M = g^(2^k)X+gX^(2^k)	known (Li–Wang 2011); self-contained proof included (run comparison written out in R5.1, after the review's BIT_WORD_LEMMA, checked independently)	in text	S3, C4 (binary-word lemma: odd m<=61, all 1<=k<m)	LW Theorem 4 (full text read 2026-10-07, bought; sources/LW_DCC2011.pdf): hypotheses gcd(i,n)=1, L any linearised polynomial over F_(2^n), conclusion includes n odd, alpha != 0 (nonzero L; gamma = 0 = Gold itself); LW write the proof for i = 1 only (Thm 2, weights separate classes) and state the extension; our proof covers general k (equal-weight classes); novelty not claimed	not formalized
C-P	cor:P	Corollary 3.3	no N o G o (bX^(2^j)) + L + const permutation is derivative-optimal (F_2-linear N, L)	proved	in text	—		not formalized
T-B	thm:B	Theorem 4.1	P'=g^l, P+1=g^l E, gcd(g,E)=1; 2^s finite ramification points, e=d=2^(r-2), over 1; e_inf=3q/4, d_inf=5q/4-2; branch values {1,inf}	proved	in text	S2	Galois closure / higher ramification not determined	F (P'=g^l, P+1=g^l E, g separable with 2^s roots in F_{2^{2s}} \ (F_{2^s} u F_q), gcd(g,E)=1, P=1 and multiplicity l at the roots): derivative_polP_eq_pow, polP_add_one_eq_pow, separable_polG, root_fixed_two_s, root_not_fixed_s, root_not_fixed_of_coprime, card_roots_polG, isCoprime_polG_polE, multiplicity_at_root; ramification reading, infinity, fibre over 1: paper only
R-tit	rem:tit	Remark 4.2	P_{e,t}: optimal APN permutation of IT-26-1499 when gcd(e,m)=1 (condition restored in R5.1); exactly 2^(e-1) finite branch values for every e (no gcd needed); e=1: one, P_{1,t}+1=(X^2+X+1)^2((X+1)^2+T_t)	proved	in text	C1, S1, C4 (m=9: e=3 permutation, DU 8, fibres 8; e=1,2,4 DU 2, opt; branch values 2^(e-1), e=1..4)	R4 had "checked 2<=e<=6" and "specific to Thm A"; both replaced; R5 omitted gcd(e,m)=1 (review R5-A02), restored in R5.1	not formalized
P-C	prop:C	Proposition 5.1	integer identity P^ = D^E^ - 1 - 2(Y^+Z^); evaluation with m-1 squarings, 1 multiplication, r+5 add/sub	proved	in text	S2, thmA	upper bound only; minimality not claimed	F (identity): proposition_5_1, lift_reduces; operation count: paper only
P-lift	prop:lift	Proposition 6.1	every coefficient lift of a permutation with zero-free derivative permutes GR(2^k,m)	proved (= sufficiency half of RS Thm 2)	in text	ring, C2		F in an abstract finite local ring (residue map pi, units off ker pi): prop_6_1, prop_6_1_family; GR(2^k,m) as an instance not constructed
T-R	thm:R	Theorem 6.2	unit directions off rho: ring row = residue row (<=2); top ideal: nonzero entries 2q^(k-1)	proved	in text	ring, C2 (natural and random lift, m=5, k=2,3, full tables)		F in the same abstract ring (top direction: ann(alpha) = ker pi): thm_6_2_unit_family, thm_6_2_top_family, card_ker_mul
R-RS	thm:R (text after)	—	remaining directions <= 2q^(k-1) (RS Prop 4(1), Prop 5), Delta_F = 2q^(k-1) with RS Thm 3 (lower bound for permutation polynomials)	cited (RS read in full 2026-10-06)	—	C2 (Delta_F = 64, 2048)	= ring corollary of IT-26-1499	not formalized (cited bounds)
P-W	prop:W	Proposition 7.1	two words, two layers: no residue transition with both input differences in {0,1}^2\{0}	proved	in text	C3 (m=5: 210 pairs, m=7: 3906 pairs; random-matrix control non-vacuous)	algebraic; independent uniform keys only for the probability reading; 2R directions not covered	F after the normalisation (hypothesis Tr(p(y+1)+p(y)) = 1): propW, det_B_ne_zero
